통합시군구코드,기부자명,기부금액
강서구,(주) 롯데리아-크리스피크림도넛 하단,7815383
강서구,(주)네이처스토어,13777000
강서구,(주)대호식품,642000
강서구,(주)바로,1145000
강서구,(주)브레드타임,523700
강서구,(주)비에스엠푸드,7660000
강서구,(주)신화팝빌리지,21754894
강서구,(주)아진에프앤디,310000
강서구,(주)영산레저개발 던킨도너츠,5926500
강서구,(주)오뚜기,170546298
강서구,(주)인터마린,6683000
강서구,(주)팡마르,931300
강서구,(주)합천식품,5206820
강서구,GSTrade,1881600
강서구,개인기부자,15913689
강서구,경복유통,2523000
강서구,궁잔기지떡 강서점,2533500
강서구,금촌식품,5207546
강서구,금화유통,879280
강서구,꿈꾸는요리사,6864776
강서구,농산식품,5082000
강서구,늘푸드,1270500
강서구,더블스윗(Double Sweet),6000000
강서구,돈키오태,245000
강서구,두손반찬,8182172
강서구,또아식빵,6963357
강서구,러쉬커피시스템,19242700
강서구,런치타임,5651330
강서구,롤뺑브레드,9222927
강서구,메종지미지니팍,19139309
강서구,명지점프파이어,211779
강서구,미미당,2607150
강서구,미소유통,1496000
강서구,민주푸드써비스,25053460
강서구,바로에프에스,1942200
강서구,베이커스245,47007961
강서구,보운기업,4800000
강서구,부산광역시농업기술센터,900000
강서구,부산그린영농조합법인,947000
강서구,부산사회복지공동모금회,258000
강서구,부성유통,5395500
강서구,블럭제빵소,8264070
강서구,빵굽는남자,5361244
강서구,빵긋한 하루,15217284
강서구,삼성물류,1520000
강서구,삼진식품,40000
강서구,성원축산유통,200000
강서구,세진푸드,5882500
강서구,송원상사,1201500
강서구,신남푸드,2040000
강서구,신원식품,2710000
강서구,에이치앤에프,272728
강서구,영양제과 주식회사,2552000
강서구,와싸,182000
강서구,우리반찬,324363
강서구,위아 글로벌,5703600
강서구,유동커피 앤 찰리베이커리 명지점,11394289
강서구,이마트24 명지국제로점,172586
강서구,일광제과,24070000
강서구,일신,3640800
강서구,잇츠팡(it's pan),6114900
강서구,자연드림,94569064
강서구,자연드림(국제신도시점),16872628
강서구,주식회사 달그락코퍼레이션,3850000
강서구,주식회사 대선,14090720
강서구,주식회사 도들,7651000
강서구,주식회사 부광푸드,10560000
강서구,주식회사 푸드업,880000
강서구,주식회사하늘처럼,2500000
강서구,진선진미베이커리,636747
강서구,진솔푸드,374400
강서구,케이엠유통,200000
강서구,코람,216000
강서구,코우테이,176000
강서구,코웰음료 (주),20520000
강서구,코웰음료(주),1890000
강서구,코코호도,416636
강서구,크리스피크림부산명지점,34989557
강서구,파리바게트 명지퀸덤점(2015),57891208
강서구,파리바게트 부산신호점,17834202
강서구,파리바게트 신호점,1186446
강서구,파리바게트(국제신도시),37579634
강서구,파리바게트(퀸덤),23153220
강서구,파리바게트명지퀸덤점,504500
강서구,푸드스트라이크(이슬나라 부산),740000
강서구,푸르미영농조합법인,1250000
강서구,프레제명지국제신도시점,12771252
강서구,해담,27146588
강서구,행복한아이들 영농조합법인,88480
금정구,(주) 아이젠푸드,350000
금정구,(주)드림넷,5000000
금정구,(주)드림컴퍼니,30000000
금정구,(주)부산울산경남 생태유아공동체,750000
금정구,(주)비앤에프,240000
금정구,(주)서원유통 탑마트 남산점,1400000
금정구,(주)세정,315000
금정구,(주)송림수산,12500000
금정구,(주)웨이닝코리아 부산지사,12358200
금정구,(주)이마트,108564855
금정구,(주)지에스리테일 남산점,23073214
금정구,(주)케이앤엘,29430000
금정구,(주)쿱스토어 부산 구서점(0017),30585220
금정구,(주)핸드에프에스,483000
금정구,095베이커리&카페,1178100
금정구,HJ인터내셔널,6044460
금정구,개인기부자,16534750
금정구,경원무역,10218000
금정구,고고커피,84822972
금정구,공간조명,9028200
금정구,구서2동주민센터,140000
금정구,금정구장애인복지관,1020000
금정구,금정구청,26232000
금정구,금정초등학교,1988400
금정구,남산동주민자치위원회,77000
금정구,녹우원축산,2790000
금정구,느루베이커리,9301127
금정구,더 빵,24878640
금정구,더브레드,356900
금정구,던킨도너츠 금정롯데마트,23291600
금정구,데일리 팡,62956900
금정구,도너츠윤,590182
금정구,동부청과사사,2357000
금정구,또아식빵 부산대점,4030000
금정구,뚜레주르,8095600
금정구,뚜레쥬르부산대푸르지오점,72775854
금정구,라라브레드,615563
금정구,명가람,10249045
금정구,명호수산,1000000
금정구,몽레브베이커리,26730900
금정구,반도쇼핑,15000000
금정구,베스킨라빈스 금정롯데마트점,153400
금정구,부산금정구푸드마켓,7846160
금정구,부산시설공단 산하 영락공원,850
금정구,빵공장다옴,43852516
금정구,빵뺑팡,17516080
금정구,빵장수 단팥빵구서점,29458500
금정구,사회복지법인 선양,5487200
금정구,살롱드보네,143451531
금정구,서울우유 해운대점,1045200
금정구,선양복지원,300000
금정구,선진유통,3213500
금정구,성림푸드(미니크로아프레 노포점),5031570
금정구,송스베이커리,23627690
금정구,승승그룹(주)백년식품,140000
금정구,승승그룹주식회사,2862200
금정구,양정청소년수련관진구청소년상담지원센터,512600
금정구,옛찬,5884000
금정구,오뚜기,108860779
금정구,용호상회,295000
금정구,우리쌀왕호두,14877422
금정구,웰빙쌀빵,11668500
금정구,윤하섭베이커리,61639652
금정구,이흥용 과자점,162839175
금정구,인디저트,4054300
금정구,잇브레드 청룡점,996000
금정구,자연드림,3128750
금정구,자연드림(아이쿱)/주식회사 쿱스토어부산,2858220
금정구,장수식품,2350000
금정구,장전교회,2711600
금정구,제주상회,1867000
금정구,주식회사  The,483000
금정구,주식회사 더블스윗,1
금정구,주식회사 신명유통,489000
금정구,주식회사 통통마트,8997675
금정구,주식회사 프렌드리,1470000
금정구,주식회사하늘구름,8705000
금정구,치킨신드롬 부산대점,4323819
금정구,친환경영농조합법인푸른농산,1512000
금정구,커브스구서클럽,623940
금정구,커브스반여클럽,1603780
금정구,케이비인터내셔널,27755373
금정구,투썸플레이스두실점,8762500
금정구,티원,2167500
금정구,파리바게뜨 구서역점,41513100
금정구,파리바게뜨 금정점,47904100
금정구,파리바게뜨 부산대점,69924370
금정구,파리바게뜨금정점,4163700
금정구,파리바게트 범어사점,3715400
금정구,파리바게트 부산대역앞점,57500500
금정구,프레제구서점,1024000
금정구,하효경베이커리,2546300
기장군,(주)가림에프앤씨,3523000
기장군,(주)란체스터에프앤비,4857000
기장군,(주)일동,7682300
기장군,(주)일이축산푸드,1750000
기장군,(주)전주특산유통,11098000
기장군,(주)카페드220볼트,17905450
기장군,가림에프앤씨,11271950
기장군,개인기부자,57842000
기장군,거상유통,1713600
기장군,교리파리바게뜨,4514800
기장군,궐성종합유통,6575000
기장군,기장군농업기술센터,7478080
기장군,기장군친환경농산물급식지원센타,785400
기장군,기장유통,7497600
기장군,다그로푸드,375000
기장군,다식푸드,2586000
기장군,대만카스테라(기장점),1959000
기장군,대청파리바게트,7349100
기장군,더 이스트 인 부산,10
기장군,도담도담식빵 정관점,3310700
기장군,도토리 카페,11720900
기장군,동원개발,3500000
기장군,떡공방다락,152300
기장군,또아식빵,2173900
기장군,롯데제과(주),108429110
기장군,리프(LEAF),750000
기장군,마루베이커리,8069800
기장군,메이크씨,84800
기장군,박현철 베이커리,172957720
기장군,블럭제빵소 정관점,4741900
기장군,빵장수단팥빵(정관점),460000
기장군,사)국제청소년복지연맹,6163524
기장군,삼진식품,0
기장군,선재하이테크,582211
기장군,세진유통,4488000
기장군,신라명과기장점,227600
기장군,알천에프엔비,0
기장군,우즈,2327100
기장군,유동커피&찰리베이커리,13275500
기장군,윤연당 베이커리,10486800
기장군,이디프(주),144000
기장군,이조떡,4469700
기장군,이지단팥빵,518400
기장군,일광제빵소(이옥종과자점),890700
기장군,자연드림,2672450
기장군,자연드림(쿱스토어부산),723740
기장군,장민유통,3720000
기장군,젬스톤B,2403000
기장군,주식회사 고려인삼유통,5970000
기장군,주식회사 바비조아,4082000
기장군,주식회사 성우씨앤미,1374627
기장군,주식회사 카페드220볼트,29320000
기장군,주식회사선재하이테크,1126860
기장군,주식회사에스엠로지틱스,3231174
기장군,천하커머스,2968000
기장군,칠암사계,22199100
기장군,카페공지,5374500
기장군,커브스좌동클럽,190240
기장군,크라상점(일광점),2407000
기장군,크라상점(정관점),17456600
기장군,파리바게트 기장점,1200800
기장군,파리바게트 일광신도시점,12967100
기장군,파리바게트정관광장점,3727600
기장군,한국수력원자력(주)고리원자력본부,10629000
기장군,헤이스커피,222000
기장군,협성하드웨어,0
기장군,홍일식품,10938000
남구,(재)인각선원,29104000
남구,(주)네이처스토어,16430200
남구,(주)다이소아성산업,9900000
남구,(주)동주물산,2461580
남구,(주)비락,4752000
남구,(주)오뚜기,347586686
남구,(주)이마트,2807350
남구,(주)인터마린,1000000
남구,(주)호텔농심,2772000
남구,CNG,1000000
남구,LG메트로시티 파리바게뜨,27565900
남구,가마목,200000
남구,개인기부자,113441766
남구,거제리통신,6618000
남구,교토마블,13914600
남구,김말순,1479000
남구,김미경,12600000
남구,김미향,5456000
남구,김상수,100000
남구,김영국,754000
남구,나눔재단,7800000
남구,남구청(교통행정과),50000
남구,남구청(복지정책과),29467500
남구,남구청(주민지원과),6425000
남구,농업회사법인 이디프 주식회사,1200000
남구,농협(대연동지점),2250000
남구,대만카스테라(부경대점),96000
남구,대연5동주민센터,120000
남구,대영유통,790000
남구,대원푸드서비스,54701720
남구,더브레드,6904900
남구,더블스윗,91648000
남구,던킨도너츠비아이에프씨몰점,22043300
남구,던킨도너츠비아이에프씨점,22820800
남구,도담도담식빵,1601000
남구,동명대학교사회복지학과,1000000
남구,동명식육식당,7700000
남구,뚜레쥬르 부산용호2호,21000
남구,뚜레쥬르 용당점,28390839
남구,뚜레쥬르서면점,117205
남구,롤뺑드빠리,103778900
남구,마레,14650000
남구,메츠과자점,76376320
남구,문채원,75000
남구,미상주먹김밥,307000
남구,바게트제작소,77498960
남구,바로원식품,622500
남구,박승열,100000
남구,박재현베이커리,11082850
남구,브레드365,15903800
남구,블럭제빵소,25009801
남구,비에뜨반미,3799500
남구,비에뜨반미 경성대점,3654000
남구,빵굽는사람들(하나로),8369300
남구,빵장수단팥빵대연점,26608000
남구,쁘띠앙쥬,10658900
남구,사랑나눔합창,1000000
남구,새마을부녀회후원회,2500000
남구,세광,42199600
남구,손가네식당,105000
남구,손지석,50000
남구,송사부 수제쌀고로케 부경점,850300
남구,수수베이커리,164500
남구,씨엔지,909440
남구,에스엔에스식품,500000
남구,에이치비 코퍼레이션 주식회사,2246648
남구,오뜨베이커리,28504200
남구,오연당,65829800
남구,옵스 더블유점,9894250
남구,옵스베이커리(LG점),7875000
남구,용호2동주민센터,40800
남구,우드스미스 조현식,100000
남구,유동커피 용호점,8019300
남구,유진홍,200000
남구,윤재식,24000000
남구,이마트(문현점),396900
남구,이상훈,100000
남구,이흥용과자점,13662400
남구,자연드림,44863690
남구,자연드림 용호점,29334310
남구,정효수,3650000
남구,조성아,74022974
남구,주귀옥,75000
남구,주식회사 동심컴퍼니,23108900
남구,주식회사 하늘처럼,2500000
남구,주식회사 한탑,3116700
남구,주식회사누리아이코리아,3100000
남구,지엔지관광호텔,620000
남구,찰리베이커리,45712500
남구,카페드220볼트 남천메가마트점,5505800
남구,커브스코리아,577680
남구,코트도르,15575600
남구,쿱스토어부산대연점,404530
남구,태성무역,11429000
남구,파리바게뜨 경성대점,91716260
남구,파리바게뜨 대연점,7976900
남구,파리바게뜨 대연혁신점,13417400
남구,파리바게뜨 부산대연점,14366700
남구,파리바게뜨 용호성모점,8300500
남구,파리바게트 경성대점,286880320
남구,파리바게트 대연자이점,2786900
남구,파리바게트 대연점,47683800
남구,파리바게트 대연혁신점,3837300
남구,파리바게트 문현점,123308300
남구,파리바게트 부산남구청점,92032030
남구,파리바게트 성모점,24453900
남구,파리바게트(부산감만점),9558800
남구,푸드맘월드주식회사,167500
남구,플라잉스콘,2939900
남구,한국남부발전(주),11170000
남구,한아바이오,1750000
남구,한일식품,1672400
남구,한탑,16976080
남구,해인축산,4850000
남구,현대블루핸즈(대연점),350000
남구,황금농산,544000
동구,(주) 롯데리아 크리스피크림 서면점,18608271
동구,(주)KT에스테이트,24744900
동구,(주)제이크리에이션,1375200
동구,(주)크리스피크림 롯데백부산점,16815790
동구,(주)클린오션,5993000
동구,(주)하하물산,140000
동구,개인기부자,1711000
동구,고집불통 식빵사부(부산진역점),3196000
동구,뚜레쥬르 부산진역점,4364000
동구,루반도르 제과점,92275400
동구,리프(LEAF),20772000
동구,브레드웨이,654000
동구,브레드포럼,31498950
동구,비에스푸드,1200000
동구,비케이유통 주식회사,14628000
동구,선경마트(SK),1500000
동구,소림다원,51788400
동구,송태연,600000
동구,수입과자(지중해상사),10511600
동구,아론푸드,35550000
동구,에스티커피,1809100
동구,오름bake,3045100
동구,일심푸드주식회사,681900
동구,임준희(파리바게뜨 금융단지점),367694000
동구,주식회사 비엔씨제과 초량점,55664140
동구,진스 F&B,351000
동구,코소롱 제주 참숯생고기 전문점,585000
동구,태성당,4624867
동구,태성무역,2964500
동구,파리바게뜨 범일점(조성희),67400
동구,파리바게뜨 부산범냇골점,177325450
동구,파리바게뜨 부산역사점,23409880
동구,팡도르 제과점,1480500
동래구,(주)메가마트동래점,4896171
동래구,(주)오뚜기,441157772
동래구,(주)웨이닝코리아,931500
동래구,(주)재호식품,1960000
동래구,135튀김집,993000
동래구,CJ코리아,162000
동래구,GS25명륜중앙점,1088350
동래구,개인기부자,54686500
동래구,고집불통식빵싸부,791700
동래구,권영한(파바온천스카이),1979900
동래구,김병찬과자점,10075100
동래구,낙민파리바게트,27637550
동래구,다담 블랑제리,10017510
동래구,대영유통,201690
동래구,대원어묵,15766500
동래구,더라이스,152130
동래구,도운유통,6492280
동래구,동부청과(주),9553000
동래구,동창샷타금속,300000
동래구,드오네뜨,2648330
동래구,뚜레쥬르 부산명장점,4528015
동래구,뚜레쥬르 사직점,18489700
동래구,뚜레쥬르 안락점,768900
동래구,라일라카페,79128
동래구,롤뱅 브레드,1698500
동래구,롤？ 브레드,18226600
동래구,롯데백화점동래점봉사동아리,440000
동래구,롯데삼동복지재단,20003110
동래구,마르메종과자점,3658900
동래구,미송식품,4638000
동래구,미야돈까스,1750000
동래구,바로원식품,2520000
동래구,박성룡과자점,8229880
동래구,베이커스 비앙,65162400
동래구,복떡방,2700000
동래구,복편미가,4510200
동래구,블랑제리오감,4337330
동래구,비에뜨반미,4906500
동래구,비에스푸드,2500000
동래구,빚은 부산수안역점,4911800
동래구,빵장수단팥빵정관점,50968500
동래구,삼일F&D,1231700
동래구,서울네트웍스,300000
동래구,세광,78199600
동래구,수안식품,6894200
동래구,쉬프렘 베이커리,97176283
동래구,신농유통,1118000
동래구,신우상사,6666265
동래구,에이앤지솔루션,2028000
동래구,온식빵,8753220
동래구,올레유통물류,2100000
동래구,우리쌀유통,4650000
동래구,유나유리 베이커리,3022600
동래구,유창상사,27660263
동래구,이동채베이커리,7802200
동래구,이티프(주) 중앙79,1760000
동래구,자연드림 명륜점,38311120
동래구,주식회사 서울네트웍스,2136500
동래구,주식회사 제이엔씨인터내셔날,4168692
동래구,지니얼,260000
동래구,찰리베이커리,903862
동래구,창대식품,260000
동래구,초코사이비,1116000
동래구,충렬상사,23857000
동래구,코숑과자점(명륜점),12419800
동래구,코숑과자점(안락점),65598215
동래구,코코로브레드,241864240
동래구,쿠루미,19605400
동래구,쿠루미 과자점,867000
동래구,크리스피크림 부산사직점,19046843
동래구,투썸플레이스 부산동래롯데점,33000
동래구,티에라 델 판,30557695
동래구,파리바게뜨(동래역점),79844330
동래구,파리바게트 사직롯데,29332400
동래구,파리바게트 안락sk,982300
동래구,파리바게트(온천스카이점),26342800
동래구,파리바게트명륜점,38541500
동래구,파리바게트안락강변점,44942720
동래구,퓨어사누스,1980000
동래구,피엠삼삼삼,8458300
동래구,한아름푸드,8240000
동래구,홍루이젠 사직점,125400
동래구,홍루이젠 서면점,1822000
동래구,후후와 빵집,4149112
동래구,흰여울,14115000
부산진구,(주)롯데제과 부산진영업소,10351058
부산진구,(주)이레우리밀,6420000
부산진구,GS25 서면새싹점,301500
부산진구,GS리테일(초읍점),51467489
부산진구,GS슈퍼마켓부암점,4908750
부산진구,가락상사,266922
부산진구,각시축산,36850000
부산진구,개인기부자,36296741
부산진구,겐츠 베이커리,58061400
부산진구,겐츠베이커리,22517200
부산진구,경원고등학교,243000
부산진구,공가네빵(서면점),1297000
부산진구,공가네빵(양정점),678500
부산진구,공가네빵집,18380700
부산진구,공가네빵집(개금점),15108180
부산진구,궐성종합유통,2796000
부산진구,김유일과자점,6607900
부산진구,김해덕 베이커리,18340400
부산진구,노코딩팜,38880100
부산진구,농축산마트,96944
부산진구,누리유통,3093350
부산진구,뉴드림코리아,7000000
부산진구,달방아옥토끼,777000
부산진구,던킨도너츠 가야점,5246500
부산진구,던킨도너츠 가야홈플러스,9389800
부산진구,도담도담(연지점),15188100
부산진구,도담도담식빵(서면점),1824501
부산진구,도담도담식빵(양정점),7451600
부산진구,동양중학교,60000
부산진구,또아식빵 서면점,84293600
부산진구,뚜레쥬르 부산백병원,502000
부산진구,뚜레쥬르 부산시민공원점,18961500
부산진구,뚜레쥬르 서면점,85331840
부산진구,뚜레쥬르 시청점,2125500
부산진구,라푀유 크로와상,13449100
부산진구,로파,2800000
부산진구,롯데삼동복지재단,30981580
부산진구,롯데제과(주),12892773
부산진구,롯데제과(주)부산KAM팀,33628005
부산진구,롯데제과양산영업소,66597706
부산진구,릴리스 베이커리,27654890
부산진구,바게트제작소,159784300
부산진구,박주형베이커리앤카페,260500
부산진구,베이커스 서면점,21475900
부산진구,보폭스,4305000
부산진구,부산진구청,88541000
부산진구,부산진구푸드마켓,47130519
부산진구,브니엘제과,6170100
부산진구,비 브레이브(BE BRAVE),14006300
부산진구,빠리지엥,45991920
부산진구,삼송빵집,50607870
부산진구,성모여자고등학교,252000
부산진구,세광,37352000
부산진구,송사부수제쌀고로케,833900
부산진구,쇼쿠팡,888000
부산진구,신동석 베이커리,1412700
부산진구,신동석베이커리,19807050
부산진구,아덴블랑제리 송상현광장,7285600
부산진구,아름다운가게,11370000
부산진구,아이엘씨,384000
부산진구,어벤더치,64000
부산진구,오뚜기,522001480
부산진구,은하철도곱곱곱,1419000
부산진구,이샘병원,4250000
부산진구,이음글로비즈,8008000
부산진구,인사랑,47324927
부산진구,자연드림,59653390
부산진구,제일식육점,9350000
부산진구,제일축산,1200000
부산진구,주식회사케이앤엘,13536000
부산진구,주형환 베이커스,60810900
부산진구,주형환베이커리,18946200
부산진구,진보상사,9144132
부산진구,초읍만두,231000
부산진구,코리아EGG,96000
부산진구,코코로 베이커리,574966310
부산진구,코코로베이커리,48126030
부산진구,크로크로,9798010
부산진구,크리스피도넛 백양로점,2889500
부산진구,크리스피도넛 백양로점)(2019~),13217900
부산진구,킴스베이커리,6433300
부산진구,태성무역,1764000
부산진구,토마토도시락동의과학대점,105000
부산진구,티볼리,39487200
부산진구,파리바게뜨 nc점,51585679
부산진구,파리바게뜨 가야동의대(변경),25704900
부산진구,파리바게뜨 가야동의대점,9680000
부산진구,파리바게뜨 가야벽산점,919500
부산진구,파리바게뜨 당감점(현재),25485600
부산진구,파리바게뜨 전포점,2925300
부산진구,파리바게트 NC점,460100
부산진구,파리바게트 가야동의대점(2020~),51285800
부산진구,파리바게트 가야벽산점,11436500
부산진구,파리바게트 가야벽산점(2017~),26288200
부산진구,파리바게트 가야현대점,133117570
부산진구,파리바게트 당감쌍용점(현재),51545420
부산진구,파리바게트 당감점,167700
부산진구,파리바게트 부암화승점,401400
부산진구,파리바게트 서면 1번가점,1163800
부산진구,파리바게트 서면1번가 직영점,136896670
부산진구,파리바게트 서면1번가(2020~),47735310
부산진구,파리바게트 전포점,49980400
부산진구,파리바게트 초읍대공원점,42863930
부산진구,파리바게트(화승점),20737000
부산진구,파리바게트쌍용점,13412080
부산진구,파이왕,1605500
부산진구,퍼프베이커리,14405900
부산진구,포숑,4700700
부산진구,포숑(롯데백화점),15430600
부산진구,푸드업,605000
부산진구,프레제 연지점,118800
부산진구,행복을빚는떡장이,882700
북구,(주) 디에프씨,551000
북구,(주) 오뚜기,21444778
북구,(주) 푸드업,144000
북구,(주)동원엠하우스,36300000
북구,(주)드리매,1700000
북구,(주)만어수산,2500000
북구,(주)새늘,2795000
북구,(주)하회물류,510300
북구,GS수퍼마켓(만덕백양점),3552934
북구,GS수퍼마켓(만덕점),5280246
북구,GS수퍼마켓(화명점),36045116
북구,GS슈퍼(만덕백양),661698
북구,Gs마트(만덕백양점),14789856
북구,Gs마트(만덕점),3166883
북구,Gs마트(화명점),5766957
북구,NH농협구포지점,1800000
북구,PM333,18284800
북구,SK푸드,2030000
북구,개인기부자,170407320
북구,공창종합사회복지관,2350000
북구,구포 보세,240000
북구,국제라이온스협회 부산지구,300000
북구,굿모닝팜,3000000
북구,금정산성에 누룩꽃이 핀다,10501500
북구,기장산곰장어,3000000
북구,김형기,2590950
북구,남자마늘보쌈(최은희),900000
북구,농업회사법인 주식회사 푸드업,504000
북구,대한불교조계종 해인사부산포교당,1020000
북구,더브레드(신만덕),1197600
북구,던킨도너츠(부민병원점),18183620
북구,동부산유통,10646850
북구,드래곤과자점(만덕),50969880
북구,드래곤과자점(만덕동문),41263270
북구,드래곤과자점(수정점),44589500
북구,드래곤베이커리(본점),18681400
북구,뚜레쥬르 화명카이저,247500
북구,뚜레쥬르(덕천점),147685711
북구,뚜레쥬르(만덕백양점),15902300
북구,라이즈컴퍼니,3600000
북구,래심,33026200
북구,마들렌 과자점,8695380
북구,마들렌 과자점(중지),1401400
북구,마비스 커피,6795600
북구,매종드블루,12275000
북구,매크로통상,4768532
북구,맷돌상사,106000
북구,메종드블루컴퍼니,22435000
북구,못난이 꽈베기,17633300
북구,무기명(광민건업),1192000
북구,무기명(서원유통),3900000
북구,무창펌프카,2400000
북구,미니크로아프레,43872600
북구,미드미통상,3420000
북구,반찬통(정재봉),595500
북구,베지밀(구포영업소),847000
북구,베지밀(모라),270000
북구,보건환경연구원,64511000
북구,보성상회,34002280
북구,부국베이커리(서정분),139100
북구,부산공동모금회,360000
북구,부산광역시불교연합회,5070000
북구,부산구포로타리클럽,330000
북구,부산주짓수협회,250000
북구,북부산상사,310666932
북구,블럭제빵소,24814100
북구,빠아앙 덕천점,13854000
북구,빨간고기,1946760
북구,"빵,드세요",531900
북구,선향양초,4553800
북구,세광,23920000
북구,세븐일레븐 방통대점,13131700
북구,세원상사,21750000
북구,송사부수제쌀고로케,19494500
북구,쉴이네슈가,5971700
북구,씨엔지센터 주식회사,750000
북구,아덴블랑제리 화명점,7038800
북구,아모스,13365000
북구,아이코리아,715600
북구,앙브와즈 (최미화),3377100
북구,엔젤식품,1100000
북구,오(OH!),76973460
북구,오(Oh!),5972100
북구,오뚜기,4423912
북구,오트밀제과점,3087800
북구,옵스(양산),4764100
북구,원광사,17250000
북구,유니크비,33130000
북구,유동커피 화명대로 94,4029300
북구,이두부야 화명점,98000
북구,잇브레드(연산자이),12665000
북구,자연드림 만덕점,63651363
북구,자연드림 카이져,26399234
북구,자연드림 화명점,143503160
북구,자연드림(카이져),35313373
북구,재경상사,938500
북구,재호식품,1000000
북구,정단팥빵베이커리,27631400
북구,제경상사,623000
북구,제이엠커피로스터스호포점,4478500
북구,제이케이(JK)유통,10080000
북구,주미스틸,1500000
북구,주식회사 대동시스템공조,1440000
북구,주식회사 부곤에프앤비,2254400
북구,주식회사 채정,340000
북구,주식회사 팔도,3851364
북구,주식회사 한울에프앤에스,9200000
북구,천부수산,10871700
북구,커브스코리아 화명점,0
북구,커브스코리아(화명점),2221000
북구,크로크로 화명점,30466030
북구,태흥유통,810000
북구,파리바게뜨(만덕역점),25655600
북구,파리바게뜨화명도시그린점,13598300
북구,파리바게트 화명수정점,9415106
북구,파리바게트(덕천점)직영,484815040
북구,파리바게트(북구화명),6004600
북구,파리바게트(삼성점)이영진,20554200
북구,파리바게트(신만덕점)강병민,58851600
북구,파리바게트(화명대림점)박태숙,48717750
북구,파리바게트화명율리점(박태숙),16004200
북구,파티쉐 안동현,13113900
북구,풍성호,10112400
북구,프레제(화명),4257300
북구,프레제(화명점),3402400
북구,하늘사랑떡방,11390000
북구,하늘연달스무아흐레,11236800
북구,하주푸드,825000
북구,한화건설,2500000
북구,홈 탑세일마트,2232000
사상구,(주) 장닭,262500
사상구,(주)그랜드 타이어,1000180
사상구,(주)담터에프엔비,18427200
사상구,(주)대흥장유양조장,50718000
사상구,(주)리더스푸드,1300000
사상구,(주)만해,67136600
사상구,(주)백만,39862508
사상구,(주)비에스알엔디,10350000
사상구,(주)셰르파,40158000
사상구,(주)신근,2500000
사상구,(주)오뚜기,9493867
사상구,(주)조이라이프,1616000
사상구,(주)지에스리테일 신주례점,47929824
사상구,(주)지에스리테일 주례점,10272458
사상구,(주)춘하추동투어,4980000
사상구,(주)푸드킹,709091
사상구,(주식회사)장닭,1590000
사상구,GS슈퍼마켓 신주례점,30449279
사상구,GS슈퍼마켓 주례점,14471456
사상구,KSD나눔재단,7600000
사상구,가락상사,3360894
사상구,강춘옥,1026000
사상구,개인기부자,258009750
사상구,광림건업,5250000
사상구,궐성종합유통,2000000
사상구,김충호 과자점,65977100
사상구,농업회사법인환영(주)77번,12037000
사상구,농협공판장36번,10655000
사상구,농협부산공판장,640000
사상구,농협은행 (주) 사상중앙금융센터,3250000
사상구,농협중앙회,5000000
사상구,다그로푸드,1900000
사상구,달 보드레,45292900
사상구,대산,1072530
사상구,대일에스엔디,1468000
사상구,대한민국상이군경회 부산지부,8723800
사상구,대흥상사,264000
사상구,덕포신익파리바게트,18261800
사상구,동아양말,100000
사상구,동아오츠카(경남지점),413880
사상구,동아오츠카(주)서부산점,1303908
사상구,동아오츠카(주)창원지점,247440
사상구,동원엠하우스,69600000
사상구,드호네뜨,1809800
사상구,디지털대학,2500000
사상구,뚜레쥬르 부산사상터미널점,21044600
사상구,로그샵,21925800
사상구,맘스터치,660000
사상구,맛있는집,12000
사상구,모닝코리아,395240
사상구,미락식품,800000
사상구,민들레어린이집,1585000
사상구,보폭스,43120000
사상구,본사모,400000
사상구,부국베이커리,350600
사상구,부대포차,3329000
사상구,부산광역시사상구청,44605000
사상구,부산기계공고,3500000
사상구,부산사상우체국,1008000
사상구,부산새벽시장,10055000
사상구,부산우유사상1대리점,2408000
사상구,부산은행 본점,3405000
사상구,부산청과 중도매인185번,1560000
사상구,부산청과(주),6018000
사상구,비앤아이,2000000
사상구,빅세일마트,2000000
사상구,빵장수 단팥빵 사상점,17331700
사상구,빵장수단팥빵,10218800
사상구,사상구 자원봉사센터 회원,650000
사상구,사상구불교연합회,1820000
사상구,사상라이온스클럽,3740000
사상구,삼광사신도회,1900000
사상구,상호상회,434000
사상구,샤니동석대리점,1171000
사상구,성화금형,6000000
사상구,세기유통,1440000
사상구,수풀녹화,520000
사상구,쉽커피,13101500
사상구,스위트 과자점,366500
사상구,스위트과자점,1649500
사상구,스템코,1485000
사상구,신화식품,1310500
사상구,씨엔지센터,680000
사상구,아름상회,576000
사상구,아모스,85269000
사상구,아이비어린이집,300000
사상구,안동.봉화한우직판장,480000
사상구,애플아울렛,8000000
사상구,어린이재단,1750000
사상구,엄궁 농산물 검역소,15373000
사상구,엄궁농산물검역센터,2355000
사상구,엄궁농산물도매시장정산조합,2573000
사상구,에이엔디(AND)푸드,24133000
사상구,여명로타리,2000000
사상구,영창에코,510000
사상구,오양식품,8214000
사상구,우성진공기술(주),9480000
사상구,우성진공기술(주0,6017280
사상구,원광사,8100000
사상구,유성신소재,488000
사상구,으뜸유통주식회사,27077000
사상구,이노산업,16520500
사상구,이안상사,1105000
사상구,일도유통,202000
사상구,일우산업,302947000
사상구,전국자원봉사연맹,9000000
사상구,주례유엔아이점,6612200
사상구,주식회사 농심,141000
사상구,주식회사 아크로,980000
사상구,주식회사 채정,340000
사상구,주식회사 천일리테일,127601400
사상구,주식회사 케이에스팩,280000
사상구,주식회사 케이푸드아이엔지,53499450
사상구,지에스더프레시 엄궁점,35530385
사상구,지에스리테일 주례점,25014886
사상구,진이찬방,465700
사상구,천익식품,3300000
사상구,코리아계란유통,324000
사상구,크로체모라점,3293000
사상구,태영유통,3060000
사상구,파리바게뜨 (주례점),18958600
사상구,파리바게뜨 구덕우성점,23486000
사상구,파리바게뜨 부산사상점,15156700
사상구,파리바게뜨 주례유엔아이점,30734750
사상구,파리바게뜨 한신괘법점,19147800
사상구,파리바게뜨부산사상터미널점,2454800
사상구,파리바게트 부산사상점,8542100
사상구,파리바게트(한신괘법),4972500
사상구,파리바게트구덕우성점,4465820
사상구,파리바게트엄궁점,2298000
사상구,파리바게트주례점,4957700
사상구,파리바케뜨  주례유엔아이점,5393830
사상구,파리파게트(주례점),2644840
사상구,팔도,3947724
사상구,팜스토리,1552510
사상구,평중,4460000
사상구,푸르밀행복대리점,3958400
사상구,하나님의교회,1001040
사상구,하주푸드,4112500
사상구,한국전력공사,1569700
사상구,한마음라이온스클럽,2967000
사상구,한솔메딕스,1280000
사상구,항도청과 중도매인29번,477000
사상구,항도청과 중도매인9번,528000
사상구,항도청과(주),6598500
사상구,해성,28291900
사상구,현백,10519800
사상구,황금농원,165000
사상구,회운상회,5210000
사상구,회전건설공구,4000000
사상구,훈남푸드,11622600
사상구,희망디딤돌복지한마당(삼락동),13930
사하구,(X)파리바게트 다대롯데점,13807200
사하구,(유) 돌 코리아,752260
사하구,(주)노포축산,3585000
사하구,(주)레인보우에프엔에스,2000000
사하구,(주)아신비에스,1176000
사하구,(주)안신,2600000
사하구,(주)에이드,4840000
사하구,(주)영남웰푸드,31047920
사하구,(주)오뚜기,202075104
사하구,(주)인터마린,660000
사하구,(주)장가유통,435000
사하구,(주)재호물산,552000
사하구,(주)정우푸드,1159600
사하구,(주)착한푸드,9300000
사하구,(주)천관,1090000
사하구,(주)태성씨앤아이,5650000
사하구,CJ제일제당,580050000
사하구,NH농협은행 하단동지점,1000000
사하구,가람무역주식회사,1800000
사하구,각시MFB,600000
사하구,갓식빵 낫개점,19444300
사하구,개인기부자,95847656
사하구,검지식품,1879200
사하구,관음사,6310000
사하구,구평종합사회복지관,1300000
사하구,국민건강보험공단 부산사하지사,9267200
사하구,국민건강보험공단부산사하지사,351000
사하구,궐성종합유통,250000
사하구,나눔과기쁨 부산연합회,17000000
사하구,남영푸드,200000
사하구,다은상사,11178906
사하구,대광F&C,41637688
사하구,대명에프엔디,2500000
사하구,대성문종합건설(주),112500
사하구,대한불교조계종 혜원정사,2100000
사하구,대한산업,24194000
사하구,덕인푸드,12500000
사하구,던킨 부산괴정점,11773100
사하구,던킨도너츠동아대점,6303600
사하구,동아푸드(주),910000
사하구,동원종합사회복지관,2160000
사하구,두산모티브라이온스클럽,1680000
사하구,두송종합사회복지관,9053000
사하구,등대식품,4960000
사하구,떡고을,50000
사하구,떡따시네,1100000
사하구,떡짱,2020500
사하구,또아식빵,18017000
사하구,뚜레쥬르 동아대점,3346600
사하구,뚜레쥬르 몰운대점,1931600
사하구,뚜레쥬르 부산괴정역점,13757500
사하구,뚜레쥬르 하단역점,21136200
사하구,라이온제과,45004000
사하구,롯데마트 사하점,18187100
사하구,르빵도쿄,732500
사하구,마인츠과자점,1741200
사하구,마카롱블라썸,954200
사하구,명륜진사갈비괴정점,1500000
사하구,몽블레,13574600
사하구,물사랑나눔단,2276910
사하구,미성무역,1192000
사하구,부광푸드,27332000
사하구,부산우유암남대리점,2904800
사하구,브레드남,5132640
사하구,빵내음가득한오후,28569300
사하구,사랑드림,500000
사하구,사임당떡전문점,46000
사하구,사하구종합사회복지관,1200000
사하구,사하구청,45675000
사하구,삼광사,18540000
사하구,새감천식품,32075000
사하구,새마을금고다대점,200000
사하구,생명푸드셰어링,1000000
사하구,선우어묵,7120400
사하구,선진에프앤에스,800000
사하구,성주사,622500
사하구,성진레미콘 주식회사,4710000
사하구,성진콘크리트공업(주),2730000
사하구,송원에프앤씨,4000000
사하구,쉐라미,8078800
사하구,신평럭키 파리바게트,38714900
사하구,씨엘교역,26880000
사하구,씨제이제일제당(주)부산공장,5400100
사하구,앙또르 과자점,45987200
사하구,앙빵 (장림점),28414000
사하구,엉클베이커리,241600
사하구,엠에스트레이딩,11082560
사하구,영진식품,2700000
사하구,유원유통,7117500
사하구,이지요661,40904000
사하구,인터마린,2472000
사하구,일광제과,7475000
사하구,자광사,225000
사하구,자연드림,15676890
사하구,장림2동주민센터,2320000
사하구,정빈FS,1998850
사하구,조은식품,7724100
사하구,주식회사 강서유통,1152000
사하구,주식회사 고려식품,1840000
사하구,주식회사 부광푸드,2384000
사하구,주식회사 새난,8776800
사하구,주식회사 페스카꼬레아,7800000
사하구,중소기업사랑나눔재단(재단법인),2100000
사하구,커피그리고,13652000
사하구,크리스피크림 도넛 부산하단점,1843941
사하구,키다리아저씨,15953030
사하구,파리바게뜨 괴정 대티점,1100000
사하구,파리바게뜨 괴정 동양점,47361400
사하구,파리바게뜨 다대롯데점,7911900
사하구,파리바게뜨 당리 점,3084100
사하구,파리바게뜨 당리사거리점(입력하지 말것),6883400
사하구,파리바게뜨 몰운대점,45230822
사하구,파리바게뜨 부산다대삼환점,17767100
사하구,파리바게뜨 장림점,16768300
사하구,파리바게뜨 하단역점,57394400
사하구,파리바게뜨 하단오거리점,38549000
사하구,파리바게뜨(사하점),93565200
사하구,파리바게뜨다대본동점,18715216
사하구,파리바게뜨당리사거리점,681900
사하구,파리바게뜨장림시장점,1058200
사하구,파리바게트 동아대점,2422100
사하구,파리바게트 부산다대삼환점,8684700
사하구,파리바게트 장림현대점,5372800
사하구,파리바게트(다대삼환),39161800
사하구,파리바게트(동아대점),13429100
사하구,파리바게트부산괴정점,4560500
사하구,파리바게트신평럭키점,152400
사하구,파리파게뜨다대현대점,43214550
사하구,폼드팡사하점점,52367700
사하구,풍성에프엔비,8655000
사하구,하나님의교회,990000
사하구,하주푸드,3141500
사하구,한려엔쵸비,43558699
사하구,한성식품,705600
사하구,한입식빵,3713720
사하구,해누리푸드,122056325
사하구,해명수산,2070000
사하구,해인정사,1800000
사하구,행복한 동행 파리바게뜨 가맹점주 혀？회,1000000
사하구,행복한 동행 파리바게뜨 가맹점주 협의회,2000000
사하구,혜성떡방,6780000
사하구,호밀호두 하단점,9916600
사하구,호산나떡향기,4685000
사하구,홈다대,136940
사하구,회운상회,450000
서구,(사)사랑의띠잇기,4983560
서구,(주) 다이소아성산업,5207000
서구,(주) 신의푸드,7879520
서구,(주) 은하수산,2039000
서구,(주)고분도리 총각네,2000000
서구,(주)부산롯데호텔,2500000
서구,(주)시너지엠,85000000
서구,(주)오뚜기,26294222
서구,(주)옵스,17204700
서구,(주)월드이십일에이치큐,15939000
서구,(주)은화식품,647003
서구,(주)제이엔씨인터내셔날,4168692
서구,(주)준인더스트리,10440000
서구,(주)케이엠낸동창고,2870000
서구,(주)파리그라상 파리바게트부산역사점,3019100
서구,(주)푸른바다,6560000
서구,(주)해우씨푸드,37069680
서구,개인기부자,112508236
서구,국제상회,16759200
서구,궐성종합유통,48081000
서구,근대화,960000
서구,금양유통,14040000
서구,김천상사,3600000
서구,뉴스게이트,561000
서구,다모아 주식회사,1767600
서구,다온섬유,22600000
서구,대경에프엔비,46097350
서구,대진사,34860000
서구,대흥상사,13960000
서구,두배로마트,5552000
서구,롯데제과 (주),93641421
서구,메종드콘,31103800
서구,메종드콘 뷰커피,38905950
서구,명문허브,3600000
서구,모젤과자점,20132100
서구,부산청과 31번,11693000
서구,부산청과(주),20298500
서구,불로만치킨바베큐,370000
서구,비비큐대신점,3676000
서구,삼양상회,3450000
서구,새벽찬,17558360
서구,성과상회,1730000
서구,세광,155556000
서구,세원상사,7500000
서구,송도파리바게트,1181400
서구,슈퍼캡익스프레스카고,10757250
서구,시민제과,17167700
서구,심영로,2000000
서구,약천정사,1935450
서구,엄라이스,525000
서구,우화,2056000
서구,울산상회,2372000
서구,이노산업,42645000
서구,전차플라워,116000
서구,주식회사 오피,330000
서구,총각손맛,119500
서구,케이제이씨컴퍼니,7834400
서구,태성무역,13771028
서구,파리바게뜨 동대신점,68162220
서구,파리바게뜨동아대병원점,761500
서구,파리바게트 부산역사점,436512840
서구,파리바게트 아미동점,72006870
서구,파리바게트 충무동점,732100
서구,파리바게트(동대신점),44406470
서구,파리바게트부민점,26343300
서구,항도청과50번,7137000
서구,해비치제과점,19125200
서구,행복한오리,528300
서구,헤미르수산,9175000
서구,호원상사,3200000
서구,황금농산,10149000
서구,희영이네,9116000
수영구,(사)국제청소년복지연맹,57566705
수영구,(주)동아오츠카,1727692
수영구,(주)메이시스,660000
수영구,(주)오뚜기,352476932
수영구,개인기부자,20996450
수영구,고집불통 식빵싸부 수영점,384800
수영구,구자윤제과점,75796500
수영구,굿샘,200000
수영구,궐성종합유통,3260000
수영구,그라찌에207,36298700
수영구,김영표과자점,13388850
수영구,꽃피는4월밀익는5월,14283100
수영구,뚜레쥬르(대남),39735400
수영구,뚜레쥬르(수영 현대점),3205200
수영구,라이즈 컴퍼니,3660000
수영구,롤링핀,40219600
수영구,롯데제과(주),500868388
수영구,롯데제과(주)양산영업소,2178084
수영구,룩텐베이커,1271520
수영구,릴리식빵,323100
수영구,마들린느,19421400
수영구,마들린느(종료),5822500
수영구,바게트제작소,294300
수영구,박영미,8000
수영구,방아쟁이,2558000
수영구,본죽 남천점,899500
수영구,본죽 남천점(x),2805500
수영구,부산수영구함께하는푸드마켓,6126290
수영구,부산은행,1227000
수영구,빵장수 단팥빵 수영광안점,5183200
수영구,서로돕는세상,973000
수영구,성민실업,1256000
수영구,세광,42199500
수영구,수영구청,5500800
수영구,쌀꿈쌀꿈,3245300
수영구,아뮤즈에프엔비주식회사,2575100
수영구,아티성블랑제리,11278050
수영구,영천떡방,2329100
수영구,오디너리 레시피,4693900
수영구,올어바웃월드서퍼,121500
수영구,위아더월드,665220
수영구,유동커피 광안점,10413300
수영구,유동커피 민락점,20423700
수영구,일오삼농산,1008000
수영구,자연드림 남천점,38757130
수영구,자연드림 수영점,72086921
수영구,정인족발,9660000
수영구,주은혜교회,180000
수영구,친환경영농조합법인푸른농산,240000
수영구,커브스 남천클럽,737307
수영구,코트도르제이피,286000
수영구,태화식품공업(주),4489100
수영구,파리바게뜨,102152850
수영구,파리바게뜨 민락동방점,1255700
수영구,파리바게트 센텀포레점,6788500
수영구,파리바게트(망미점),2908800
수영구,파리바게트(병무청SK),12925900
수영구,파리바게트(삼성),22171700
수영구,파리바게트(수변),40312250
수영구,페팽과자점,87328980
수영구,홍게데이 광안점,1400000
수영구,홍익당,9643000
연제구,(유) 돌 코리아,43368000
연제구,(주) 네이처스토어,13777000
연제구,(주) 송도해상케이블카,4953000
연제구,(주) 오뚜기,26552693
연제구,(주) 제이와이 인피니트,60000000
연제구,(주) 티비엠,8066640
연제구,(주) 해영엠에프,25525181
연제구,(주) 현대 프라임,325660000
연제구,(주)LG생활건강,2153900
연제구,(주)SRC,32300000
연제구,(주)계경,58991000
연제구,(주)나노텍세라믹스,20000000
연제구,(주)남상푸드,46553355
연제구,(주)네이처스토어,43984200
연제구,(주)녹채원,860800
연제구,(주)농협목우촌 부산지점,15947000
연제구,(주)누리아이코리아,8856000
연제구,(주)대경씨푸드,8750000
연제구,(주)더맛있는하루 수도권사업본부,47670000
연제구,(주)덕화푸드,2660800
연제구,(주)동남에프에스,5110909
연제구,(주)동륜물류,19417297
연제구,(주)동우무역산업,34200000
연제구,(주)드림컴퍼니,15000000
연제구,(주)디앤비푸드,4435200
연제구,(주)리스토어코리아,49500000
연제구,(주)베스트팜,17280000
연제구,(주)부림교역,22050000
연제구,(주)서원유통,10000000
연제구,(주)스위트드림,40704000
연제구,(주)스위트조이,55296000
연제구,(주)아쿠아링크,2840000
연제구,(주)안신,203707800
연제구,(주)에스제이무역,5458000
연제구,(주)에이플러스,9276000
연제구,(주)영신코리아,12834000
연제구,(주)예다전통식품,22184000
연제구,(주)오리온 동부산DC,5161920
연제구,(주)오복식품,70678192
연제구,(주)우원홀딩스,9450335
연제구,(주)우진푸드,17403000
연제구,(주)은하수산,187203646
연제구,(주)전주특산유통,12588000
연제구,(주)제이스통상,1276800
연제구,(주)지산푸드시스템,4860000
연제구,(주)천호엔케어 서울지점,38700000
연제구,(주)케이엠에이티,11520000
연제구,(주)클린오션,34271400
연제구,(주)하이랜드푸드,63514735
연제구,(주)하하물산,6381200
연제구,(주)해오름바이오,5000000
연제구,(주)헬로우스시,1000000
연제구,(주)황금밭유통,119435000
연제구,(주)효성어묵,34646710
연제구,18번 중도매인,8537300
연제구,3.6 수산,20535000
연제구,DH SEAFOOD(주),12600000
연제구,FS물산,1438363
연제구,JJ통상,28944000
연제구,JNC인터내셔날,3789720
연제구,개별화물,19531740
연제구,개인기부자,447129982
연제구,경동빅마트,6300000
연제구,경복유통,16948800
연제구,경원무역,24233000
연제구,계림화학공업주식회사,80874000
연제구,고고커피,31194946
연제구,골든너트주식회사,77914071
연제구,공간조명,81151000
연제구,구자윤과자점,61338600
연제구,국제제과,12888000
연제구,그레이스원,14450000
연제구,그린에프,1583840
연제구,길번의 아침(주),48939091
연제구,김천상사,4943900
연제구,깡미카롱,32199300
연제구,남부산덴마크우유유통대리점,10344300
연제구,남양산업,1003000
연제구,녹원푸드,4587000
연제구,농업회사법인 주식회사 경인상회,79950000
연제구,농업회사법인 주식회사 이랑,886240
연제구,농업회사법인(주) 동영푸드서비스,10820000
연제구,농업회사법인발효순이주식회사,3072000
연제구,농업회사법인주식회사 한파밍,60498000
연제구,누리유통,29346060
연제구,다온브레드,8797800
연제구,다원유통,12560000
연제구,대만카스테라(부경대점),120000
연제구,대선유통,26955000
연제구,더브레드,9146900
연제구,더블스윗,8280000
연제구,덕인무역,6400000
연제구,덕인푸드,50240000
연제구,던킨 트레이더스연산점,1125800
연제구,던킨도너츠 [부산시청역사점],116623720
연제구,던킨도너츠홈플러스아시아드점,2041900
연제구,도운상회,7489800
연제구,동부청과 44번,3512000
연제구,동아오츠카(주) 남부산지점,1328908
연제구,동아오츠카주식회사,3561960
연제구,동아제과,22794656
연제구,동평여중 급식실,200000
연제구,디엔씨제과,16317000
연제구,랑돼지,817500
연제구,로얄제과(주),40896100
연제구,롯데그룹부산협의체,462172886
연제구,롯데삼동복지재단,108888382
연제구,롯데제과(주),681680951
연제구,롯데칠성음료(주),292874
연제구,매크로통상(주),55088832
연제구,모와비(mowave),12000000
연제구,미나미나(MINAMINA),14450000
연제구,미스터빠삭 부산서면지점,73920
연제구,민유통,1946000
연제구,바디힐앤바우네이쳐,49220000
연제구,반도생활건강(주),37414380
연제구,보성상회,2320000
연제구,부광유통,4600000
연제구,부산공동모금회,92982000
연제구,부산광역시농업기술센터,15537000
연제구,부산대원식품(주),13020000
연제구,부산대원식품주식회사,1072500
연제구,부산시 사회공헌센터,10000000
연제구,부산청과223번 황금농산,1056000
연제구,부자상사,10000000
연제구,부자수산(주),2928000
연제구,부평통상,1597000
연제구,브라운도트호텔,4032000
연제구,비알코리아(던킨도너츠 김해공장),1954594300
연제구,비에스무역,40260000
연제구,비케이유통 주식회사,7960000
연제구,빠리장제과점,49286880
연제구,빵85,22667500
연제구,빵에 반하다,9114640
연제구,빵장수 단팥빵,7168000
연제구,빵장수 단팥빵(연제시청점),31680000
연제구,빵장수단팥빵,21827500
연제구,산해들,5920000
연제구,삼진식품(주),557447100
연제구,서울우유성산동대리점,13409000
연제구,서진 OA,7223750
연제구,선경메디칼,49500000
연제구,선진유통,1644500
연제구,성우 ENG,14000000
연제구,성진제봉,5015000
연제구,세광,139288000
연제구,셀럽(Celeb),5250000
연제구,셀럽(celeb),5000000
연제구,소담,72000000
연제구,소림다원,35972000
연제구,슈퍼캡 익스프레스 카고,4620000
연제구,스위트조이,142730400
연제구,신농유통 주식회사,13587000
연제구,신모아,10083960
연제구,신앤박킴스안과의원,16460000
연제구,신영상회,5760000
연제구,신우내과 의원,50003950
연제구,신우상회,10044000
연제구,신정푸드(주),115707300
연제구,신흥상회,50000000
연제구,씨엘교역(주),83317500
연제구,아름다운가게,9576000
연제구,아름드리,5711200
연제구,아이쿱소비자생활협동조합연합회 중앙물류,38572692
연제구,아태물류,12500000
연제구,에스케이(SK) 푸드,540800
연제구,에이아이디,300000
연제구,에이원식품,9035070
연제구,에이치푸드서플라이(주),68388120
연제구,엠에스디스트리파크주식회사,17438000
연제구,엠엠씨케이,5265871
연제구,연세로하스(주),115206890
연제구,열린한의원,5000000
연제구,영양제과 주식회사,1776000
연제구,오늘식빵,41000
연제구,오양식품,3724800
연제구,오일나라,1020000
연제구,올어바웃,1172700
연제구,올헤어,15000000
연제구,우드스미스,1000000
연제구,우일수산(주),125478525
연제구,우화,50089000
연제구,울산상회,2178000
연제구,웰니스팜,4032000
연제구,유강푸드서비스,3400000
연제구,유진유통,250000
연제구,으뜸유통주식회사,2827000
연제구,이 악세스 코리아(E-ACCESS KOREA),126144000
연제구,이노인터네셔널,139512008
연제구,이마트트레이더스 서면점,3131020
연제구,이브앤아담여성의원,2048750
연제구,이흥용과자점,187665300
연제구,인화F&B,9852024
연제구,일우산업,361671600
연제구,임형민 과자점,6816200
연제구,자연드림(종사업자05),36823070
연제구,자유교역,10094000
연제구,장스푸드(주),18442944
연제구,재단법인 케이알엑스 국민행복재단,10000000
연제구,재단법인 하이랜드미래재단,161233500
연제구,재단법인비엔케이금융그룹희망나눔재단,35000000
연제구,정양산업(주),22946500
연제구,정우식품,12350000
연제구,정원식품,18020000
연제구,정진종합상사,2100000
연제구,제이와이상사,5400000
연제구,제이크리에이션(주),6720000
연제구,주)코스트코코리아,1394708604
연제구,주식회사 강서유통,79928500
연제구,주식회사 건일품,2395000
연제구,주식회사 나주인터내셔날,25070460
연제구,주식회사 다솜채,1107800
연제구,주식회사 담터에프엔비 Damtuh F&B Corp.,6365150
연제구,주식회사 대인무역,30486280
연제구,주식회사 더,5771680
연제구,주식회사 덕흥,2880000
연제구,주식회사 도담에프에스,887400
연제구,주식회사 등푸른식품,20765700
연제구,주식회사 라이프앤쿡,26436000
연제구,주식회사 로키 (ROKI),33000000
연제구,주식회사 바른씨,23700000
연제구,주식회사 바이온,54000000
연제구,주식회사 서진악세스,31903600
연제구,주식회사 세경에프앤비,30600000
연제구,주식회사 소담인터내셔널,2194500
연제구,주식회사 스위트드림,28656000
연제구,주식회사 신광식품,2992000
연제구,주식회사 신화유통,16741000
연제구,주식회사 아이비에스,12096000
연제구,주식회사 에스아이푸드,2133800
연제구,주식회사 엔젯오리진,-2147483648
연제구,주식회사 오션프렌드,6796000
연제구,주식회사 웰본,35487660
연제구,주식회사 이머징시스템,41765328
연제구,주식회사 지이스트,398917200
연제구,주식회사 참푸드,1000000
연제구,주식회사 청정한씨푸드,15083040
연제구,주식회사 파란나라,22988000
연제구,주식회사 평중,5737500
연제구,주식회사 포쉐프,10692000
연제구,주식회사 푸드어셈블,9473600
연제구,주식회사 프렌드리,8832727
연제구,주식회사 필리코인터내셔널,30672000
연제구,주식회사 하늘처럼,10710000
연제구,주식회사 한국수리미,19583820
연제구,주식회사 한우사랑,96036900
연제구,주식회사 해피센트,1075200
연제구,주식회사하늘처럼,12500000
연제구,중앙철재,400000
연제구,지에프,5438400
연제구,지우앤시우,58944000
연제구,진영무역,29657500
연제구,참존식품,6748000
연제구,청림,10030000
연제구,청호냉동,1860381
연제구,커버스 사직클럽,247200
연제구,컴커피 연산시청점,4269700
연제구,케이비인터내셔널,33705454
연제구,케이제이씨컴퍼니,13824000
연제구,코스마미,125787400
연제구,코스코리아 주식회사,7560000
연제구,코카콜라음료 주식회사,276250079
연제구,태성무역,8746500
연제구,파리바게뜨 거제시장점,13462890
연제구,파리바게뜨 부산시청,58605500
연제구,파리바게뜨(거제시장점),31211100
연제구,파리바게뜨(서면태화점),105925600
연제구,파리바게뜨(연산연일),6391200
연제구,파리바게트 교대점,16161400
연제구,파리바게트 부산시청점,4466400
연제구,파리바게트 시청점,981600
연제구,파리바게트 신리삼거리점,524400
연제구,파리바게트(연동점),24379570
연제구,파리바게트[거제월드],10086800
연제구,파리크라상(주) 연산베이킹,734541550
연제구,파리크라상(주)범일베이킹B/C,511963440
연제구,파리크라상(주)범일베이킹T/C,190051800
연제구,팔구어묵,352500
연제구,퍼시픽 아이앤이(PACIFIC INE),25620000
연제구,푸르미영농조합법인,1800000
연제구,프레시스 주식회사,969655
연제구,프리젠트주식회사,39781900
연제구,프흐미에,13000
연제구,피엔비푸드,1022000
연제구,피피이씨의령두부공장,14454000
연제구,하나유통,11138880
연제구,한국과수농업협동조합연합회,3000000
연제구,한국맥도날드유한회사,1800000
연제구,한국자산관리공사,50000000
연제구,한국토지주택공사,30053920
연제구,한국토지주택공사 부산울산지역본부,5000000
연제구,한마음영농조합법인,767000
연제구,해동시스템,1000000
연제구,현대축산유통,520000
연제구,협신자동차서비스주식회사,4829300
연제구,황금유통,6000000
영도구,(주)디앤티토탈서비스,38170000
영도구,(주)롯데리아크리스피크림부산롯데광복점,27181614
영도구,(주)매일마린,1775000
영도구,(주)신원전기,1680000
영도구,(주)에이투지건설,3750000
영도구,(주)오뚜기,269964710
영도구,(주)유원종합건설,2500000
영도구,(주)치어스,4535600
영도구,BNK 부산은행,1411000
영도구,BS금융그룹희망나눔재단,500000
영도구,OPS,168800
영도구,개인기부자,77201714
영도구,경원무역,760000
영도구,궐성종합유통,12500000
영도구,김 & 김치,5151000
영도구,남양유업,126800
영도구,농협 남항지점,770000
영도구,대교마트,1000000
영도구,대교초등학교,370000
영도구,대원사,1657000
영도구,대평초등학교,1150000
영도구,덕이네돼지국밥,5025000
영도구,던킨도너츠(동삼점),2365500
영도구,동삼초등학교,850000
영도구,떡보의하루 영도중구점,7650000
영도구,릴리웰 주식회사,28710000
영도구,메종드콘,2245760
영도구,메종드콘&뷰커피,2641600
영도구,봉삼초등학교,405000
영도구,부산개인택시반야회,1100000
영도구,부산아이파크축구단,250000
영도구,부산체육고등학교,49790000
영도구,부산항 신협,600000
영도구,삼진식품(주),27660000
영도구,새감천식품,10850000
영도구,새마을금고,5325000
영도구,새마을운동영도구지회,2597000
영도구,서울떡집,46900000
영도구,성림종합물류,1300000
영도구,세계식품(주),929348
영도구,신한씨앤에스,1000000
영도구,영도 애경,1920000
영도구,영도구여성자원봉사후원회,209000
영도구,영도구청,19943051
영도구,영도구청(주)농협중앙회,2217150
영도구,영도라이온스클럽,630000
영도구,영도문화예술회관,1905000
영도구,원광사,2500000
영도구,이가앤쿡,700000
영도구,임마누엘교회,450000
영도구,진보상사,4136365
영도구,청학초등하교,105000
영도구,파리바게뜨 동삼점,57020050
영도구,파리바게뜨 영도남항점,115874960
영도구,한국도시농업관리사협회,690000
영도구,한국자유총연맹영도구지회,516000
영도구,한일식품,120000
영도구,항만소방서 의용소방대,1537000
영도구,해양환경교육원,1415000
영도구,황보승희 국회의원 사무실,4548000
중구,(주)오뚜기,1130842270
중구,(주)케이유통,1544000
중구,가락상사,24441976
중구,개인기부자,44341380
중구,다은상사,23683563
중구,또아식빵,5962900
중구,롯데삼동복지재단,19498500
중구,롯데제과(주),304078778
중구,명신양행,1600000
중구,미도유통,10566392
중구,북부산 상사,25662229
중구,비엔씨 제과,1600000
중구,서기영 베이커리,939160
중구,세광,22500000
중구,수정오뚜기,41867722
중구,신거제푸르밀대리점,5341200
중구,아모스,7872000
중구,아이유피쉬몰,3000000
중구,유림종합물류,15966410
중구,으뜸유통주식회사,90400
중구,쥬비샵,15390000
중구,진보상사(오뚜기),4496790
중구,진성물산,8800000
중구,진스F&B,5315000
중구,춘하추동관광협동초합,7630000
중구,충무오뚜기식품,12570498
중구,카페 밀한줌,3642200
중구,케이제이씨컴퍼니,8184000
중구,코코식빵,2949300
중구,파리바게뜨 광복점,4499610
중구,파리바게뜨 남포점,49655010
중구,파리바게뜨 대청점,30086360
중구,파리바게뜨 부평점,10637350
중구,파리바게뜨 부평중앙점,11455610
중구,파리바게뜨 자갈치점,582430
중구,파리바게뜨 중앙역점,18181800
중구,파리바게뜨(자갈치점),1690780
중구,프랑가스트,63754800
해운대구,(사)이웃나눔회,32260000
해운대구,(주)고래사,22900000
해운대구,(주)나나드림,7800000
해운대구,(주)동부청과,9735500
해운대구,(주)동성리테일,4828400
해운대구,(주)디앤디이,6051780
해운대구,(주)디엔디이,7611140
해운대구,(주)리듬엔베이커리,1319600
해운대구,(주)비오비,26276600
해운대구,(주)소맥베이커리,48249600
해운대구,(주)예백디앤씨,3000000
해운대구,(주)오뚜기,246673359
해운대구,(주)제이제이씨 네트웍스(송사부),17190660
해운대구,(주)팔도,6401440
해운대구,(주)한국말렌카,1620000
해운대구,(주)한아트레이딩,2160000
해운대구,BBINNOVATION(비비),40355900
해운대구,GS슈퍼 대동점,184064166
해운대구,Q마트,1700000
해운대구,S&J 베이커리,4548000
해운대구,S&J베이커리,13092000
해운대구,감성축산,5010000
해운대구,갓식빵,4611000
해운대구,개인기부자,128676059
해운대구,고메빵집,88096750
해운대구,궐성종합유통,10400000
해운대구,그랑제리 마린시티점,14772000
해운대구,꽃가람,169600
해운대구,녹원푸드,3924000
해운대구,농업회사법인 이디프(주) 중앙79,1760000
해운대구,농협반여공판장채소부,800000
해운대구,농협은행(주) 해운대지점,5250000
해운대구,뉴벨브레드,18637900
해운대구,늘푸드앤시스템(천일식품),1260000
해운대구,대가 F&C,3000000
해운대구,대영유통,357500
해운대구,더데이지,147029586
해운대구,더데이지 중앙하이츠점,36060660
해운대구,데일리팡,18641500
해운대구,도담도담식빵  해운대점,87000
해운대구,도담도담식빵 우동점,614500
해운대구,도담도담식빵 해운대우동점,818000
해운대구,도레도레센텀점,278000
해운대구,도레도레청사포점,299500
해운대구,동아오츠카(주),580200
해운대구,떡굽는사람맛디댜,1248000
해운대구,또아식빵,41731770
해운대구,뚜레쥬르 마린점,22326100
해운대구,뚜레쥬르 반여점,6433350
해운대구,뚜레쥬르 센텀점,94370520
해운대구,뚜레쥬르 장산역점,119019393
해운대구,뚜레쥬르 중동점,3506300
해운대구,뚜레쥬르센텀점,23060110
해운대구,라두스쌀빵,6106200
해운대구,라메종드쇼콜라,2520000
해운대구,롤링핀 센텀점,25082900
해운대구,롤링핀 장산점,67880500
해운대구,롤링핀 홈플러스(HP)센텀시티,21564300
해운대구,롤링핀(h스위트점),17453400
해운대구,롯데삼동복지재단,20008860
해운대구,마조아 베이커리,2000000
해운대구,마조아베이커리,38499710
해운대구,미식가의구이안락점,1811700
해운대구,미진이엔씨,3597600
해운대구,미포끝집해운대소문난전복장어구이,17164000
해운대구,바죠성경식품,90000
해운대구,베니제과(코트도르 장산),16993070
해운대구,베니제과점(코트도르 장산),20861500
해운대구,베이킹타임 재송점,39673060
해운대구,부산중앙청과,14923500
해운대구,브라운커널 해운대점,627000
해운대구,브리오슈도레 해운대점,1663600
해운대구,빠아앙,11738140
해운대구,빵장수단팥빵,47897000
해운대구,빵장수단팥빵 센텀점,8453500
해운대구,사회복지공동모금회,45850000
해운대구,삼성빅마트,45000
해운대구,삼진식품(주),21446350
해운대구,새운산업(주),1850000
해운대구,서울우유,1405000
해운대구,선진유통,182980
해운대구,소담베이커리,44123145
해운대구,스프레드,4102500
해운대구,아네토,40290690
해운대구,아슬란,10121905
해운대구,아슬란 베이커리,98598040
해운대구,에끄로와,10527500
해운대구,영광이네,5987200
해운대구,영원무역,24196356
해운대구,오뚜기,10588167
해운대구,오연당,24345700
해운대구,옵스 신도시점,10451900
해운대구,옵스 카멜리아오뜨점,21131380
해운대구,유동커피,33974300
해운대구,유동커피 센텀점,7169300
해운대구,유동커피장산,24201900
해운대구,윤베이커리,26052000
해운대구,은하상사,1853300
해운대구,익명단체,900000
해운대구,자미당 장산점,4133300
해운대구,자연드림 좌동점,68078441
해운대구,정관과일도소매센터,776200
해운대구,젠틀맨플라워,23820000
해운대구,주식회사 소셜빈,12492000
해운대구,주식회사 쿱스토어부산(마린시티),51254140
해운대구,주식회사신일씨제이,204000
해운대구,지파운데이션,66508000
해운대구,진피부과,2596600
해운대구,총각떡집,500000
해운대구,카페해운대1994,1038000
해운대구,커브스우동클럽,436170
해운대구,커브스재송클럽,379550
해운대구,케이엔엘,32236050
해운대구,코트도르 마린시티,4188200
해운대구,쿱스토어 마린점,2233240
해운대구,쿱스토어 장산점,26149260
해운대구,태산유통(도은호),5235641
해운대구,태양라이온스클럽,1300000
해운대구,태평양FS,344000
해운대구,파리바게뜨 장산점,3374800
해운대구,파리바게뜨 좌동,130350860
해운대구,파리바게뜨 해운대센텀점,14710200
해운대구,파리바게뜨 해운대센텀점.,4045600
해운대구,파리바게트 마린점,78787906
해운대구,파리바게트 반여점,117873830
해운대구,파리바게트 장산현대점,47698400
해운대구,파리바게트 재송점,129931000
해운대구,파리바게트 좌동점,13806200
해운대구,파리바게트 팔레드시즈점,23008120
해운대구,파리바게트 해운대센텀점,7050320
해운대구,파리바게트 해운대수비점,63072700
해운대구,파리바게트 해운대장산점,318081850
해운대구,파리바게트센텀재송지점,22722700
해운대구,파리바게트해운대센텀점,34237060
해운대구,파티세리 곽,47074000
해운대구,파티쉐리 곽,7576000
해운대구,퐁데자르,745000
해운대구,프럼 준,3799000
해운대구,프럼준,1184000
해운대구,플라잉스콘,100631420
해운대구,한케이크,616600
해운대구,해운대구청,122281150
해운대구,해운대구청 주민복지과,38065200
해운대구,해운대라이온스클럽,1250000
해운대구,해운대제일교회,2400000
해운대구,해운대종합사회복지관,363534839
해운대구,홈플러스 센텀시티점,620000
해운대구,홈플러스 이파란재단,1116000
해운대구,홍루이젠,2800300
